"suc","no_de_disposicion","org_id","acred_id","credito_id","destino_credito","monto_credito","fecha_entrega","fecha_vencimiento","tasa_mensual","tipo_tasa","frecuencia_pagos","finalidad","subfinalidad1","subfinalidad2"
"001-","FOMMUR00002       ","179","001-01892-02","001-008823-","FINES AJENOS AL NEGOCIO","5000.00","30/03/2014","14/09/2014","0.0474","SALDOS INSOLUTOS","CATORCENAL","GASTOS PERSONALES","GASTOS PERSONALES",""
"001-","FOMMUR00002       ","179","001-06127-02","001-008817-","FINES AJENOS AL NEGOCIO","15000.00","30/03/2014","14/09/2014","0.0474","SALDOS INSOLUTOS","CATORCENAL","GASTOS PERSONALES","GASTOS PERSONALES",""
"001-","FOMMUR00002       ","179","001-06365-02","001-008818-","FINES AJENOS AL NEGOCIO","12500.00","30/03/2014","14/09/2014","0.0474","SALDOS INSOLUTOS","CATORCENAL","GASTOS PERSONALES","GASTOS PERSONALES",""
"001-","FOMMUR00002       ","179","001-06366-02","001-008820-","FINES AJENOS AL NEGOCIO","17500.00","30/03/2014","14/09/2014","0.0474","SALDOS INSOLUTOS","CATORCENAL","GASTOS PERSONALES","GASTOS PERSONALES",""
"001-","FOMMUR00002       ","179","001-06372-02","001-008819-","FINES AJENOS AL NEGOCIO","12500.00","30/03/2014","14/09/2014","0.0474","SALDOS INSOLUTOS","CATORCENAL","GASTOS PERSONALES","GASTOS PERSONALES",""
"001-","FOMMUR00002       ","179","001-06374-02","001-008821-","FINES AJENOS AL NEGOCIO","12500.00","30/03/2014","14/09/2014","0.0474","SALDOS INSOLUTOS","CATORCENAL","GASTOS PERSONALES","GASTOS PERSONALES",""
"001-","FOMMUR00002       ","179","001-06495-02","001-008824-","FINES AJENOS AL NEGOCIO","13000.00","30/03/2014","14/09/2014","0.0474","SALDOS INSOLUTOS","CATORCENAL","GASTOS PERSONALES","GASTOS PERSONALES",""
"001-","FOMMUR00002       ","179","001-06496-02","001-008822-","FINES AJENOS AL NEGOCIO","12500.00","30/03/2014","14/09/2014","0.0474","SALDOS INSOLUTOS","CATORCENAL","GASTOS PERSONALES","GASTOS PERSONALES",""
"001-","FOMMUR00002       ","179","001-06625-02","001-008826-","FINES AJENOS AL NEGOCIO","6000.00","30/03/2014","14/09/2014","0.0474","SALDOS INSOLUTOS","CATORCENAL","GASTOS PERSONALES","GASTOS PERSONALES",""
"002-","FOMMUR00002       ","179","002-06007-02","002-009023-","OTRO FIN RELACIONADO","5000.00","21/03/2014","13/07/2014","0.0474","SALDOS INSOLUTOS","SEMANAL","INVERSION DE NEGOCIO","CAPITAL DE TRABAJO",""
"002-","FOMMUR00002       ","179","002-06220-02","002-009055-","OTRO FIN RELACIONADO","4000.00","26/03/2014","10/09/2014","0.0474","SALDOS INSOLUTOS","SEMANAL","INVERSION DE NEGOCIO","CAPITAL DE TRABAJO",""
"002-","FOMMUR00002       ","179","002-06221-02","002-009024-","OTRO FIN RELACIONADO","8500.00","21/03/2014","13/07/2014","0.0474","SALDOS INSOLUTOS","SEMANAL","INVERSION DE NEGOCIO","CAPITAL DE TRABAJO",""
"002-","FOMMUR00002       ","179","002-06228-02","002-009027-","OTRO FIN RELACIONADO","7500.00","21/03/2014","13/07/2014","0.0474","SALDOS INSOLUTOS","SEMANAL","INVERSION DE NEGOCIO","CAPITAL DE TRABAJO",""
"002-","FOMMUR00002       ","179","002-07035-02","002-009039-","OTRO FIN RELACIONADO","20000.00","25/03/2014","15/07/2014","0.0474","SALDOS INSOLUTOS","SEMANAL","INVERSION DE NEGOCIO","CAPITAL DE TRABAJO",""
"002-","FOMMUR00002       ","179","002-07038-02","002-009040-","OTRO FIN RELACIONADO","6000.00","25/03/2014","15/07/2014","0.0474","SALDOS INSOLUTOS","SEMANAL","INVERSION DE NEGOCIO","CAPITAL DE TRABAJO",""
"002-","FOMMUR00002       ","179","002-08305-02","002-009043-","OTRO FIN RELACIONADO","4000.00","25/03/2014","15/07/2014","0.0474","SALDOS INSOLUTOS","SEMANAL","INVERSION DE NEGOCIO","CAPITAL DE TRABAJO",""
"002-","FOMMUR00002       ","179","002-08369-02","002-009044-","OTRO FIN RELACIONADO","5000.00","25/03/2014","15/07/2014","0.0474","SALDOS INSOLUTOS","SEMANAL","INVERSION DE NEGOCIO","CAPITAL DE TRABAJO",""
"002-","FOMMUR00002       ","179","002-08410-02","002-009026-","OTRO FIN RELACIONADO","11000.00","21/03/2014","13/07/2014","0.0474","SALDOS INSOLUTOS","SEMANAL","INVERSION DE NEGOCIO","CAPITAL DE TRABAJO",""
"002-","FOMMUR00002       ","179","002-08473-02","002-009078-","OTRO FIN RELACIONADO","14000.00","31/03/2014","21/07/2014","0.0474","SALDOS INSOLUTOS","SEMANAL","INVERSION DE NEGOCIO","CAPITAL DE TRABAJO",""
"002-","FOMMUR00002       ","179","002-08541-02","002-009046-","OTRO FIN RELACIONADO","5000.00","25/03/2014","15/07/2014","0.0474","SALDOS INSOLUTOS","SEMANAL","INVERSION DE NEGOCIO","CAPITAL DE TRABAJO",""
"002-","FOMMUR00002       ","179","002-08580-02","002-009047-","OTRO FIN RELACIONADO","10000.00","26/03/2014","10/09/2014","0.0474","SALDOS INSOLUTOS","SEMANAL","INVERSION DE NEGOCIO","CAPITAL DE TRABAJO",""
"002-","FOMMUR00002       ","179","002-08581-02","002-009051-","OTRO FIN RELACIONADO","10000.00","26/03/2014","10/09/2014","0.0474","SALDOS INSOLUTOS","SEMANAL","INVERSION DE NEGOCIO","CAPITAL DE TRABAJO",""
"002-","FOMMUR00002       ","179","002-08582-02","002-009049-","OTRO FIN RELACIONADO","10000.00","26/03/2014","10/09/2014","0.0474","SALDOS INSOLUTOS","SEMANAL","INVERSION DE NEGOCIO","CAPITAL DE TRABAJO",""
"002-","FOMMUR00002       ","179","002-08583-02","002-009052-","OTRO FIN RELACIONADO","7500.00","26/03/2014","10/09/2014","0.0474","SALDOS INSOLUTOS","SEMANAL","INVERSION DE NEGOCIO","CAPITAL DE TRABAJO",""
"002-","FOMMUR00002       ","179","002-08584-02","002-009053-","OTRO FIN RELACIONADO","5000.00","26/03/2014","10/09/2014","0.0474","SALDOS INSOLUTOS","SEMANAL","INVERSION DE NEGOCIO","CAPITAL DE TRABAJO",""
"002-","FOMMUR00002       ","179","002-08612-02","002-009029-","OTRO FIN RELACIONADO","7500.00","21/03/2014","13/07/2014","0.0474","SALDOS INSOLUTOS","SEMANAL","INVERSION DE NEGOCIO","CAPITAL DE TRABAJO",""
"002-","FOMMUR00002       ","179","002-08694-02","002-009048-","OTRO FIN RELACIONADO","5000.00","26/03/2014","10/09/2014","0.0474","SALDOS INSOLUTOS","SEMANAL","INVERSION DE NEGOCIO","CAPITAL DE TRABAJO",""
"002-","FOMMUR00002       ","179","002-08695-02","002-009054-","OTRO FIN RELACIONADO","5000.00","26/03/2014","10/09/2014","0.0474","SALDOS INSOLUTOS","SEMANAL","INVERSION DE NEGOCIO","CAPITAL DE TRABAJO",""
"002-","FOMMUR00002       ","179","002-08698-02","002-009050-","OTRO FIN RELACIONADO","5000.00","26/03/2014","10/09/2014","0.0474","SALDOS INSOLUTOS","SEMANAL","INVERSION DE NEGOCIO","CAPITAL DE TRABAJO",""
"003-","FOMMUR00002       ","179","003-05861-02","003-010935-","OTRO FIN RELACIONADO","10000.00","20/03/2014","08/09/2014","0.0474","SALDOS INSOLUTOS","SEMANAL","INVERSION DE NEGOCIO","CAPITAL DE TRABAJO",""
"003-","FOMMUR00002       ","179","003-05862-02","003-010936-","OTRO FIN RELACIONADO","10000.00","20/03/2014","08/09/2014","0.0474","SALDOS INSOLUTOS","SEMANAL","INVERSION DE NEGOCIO","CAPITAL DE TRABAJO",""
"003-","FOMMUR00002       ","179","003-05863-02","003-010937-","OTRO FIN RELACIONADO","20000.00","20/03/2014","08/09/2014","0.0474","SALDOS INSOLUTOS","SEMANAL","INVERSION DE NEGOCIO","CAPITAL DE TRABAJO",""
"003-","FOMMUR00002       ","179","003-07587-02","003-010940-","OTRO FIN RELACIONADO","15500.00","20/03/2014","08/09/2014","0.0474","SALDOS INSOLUTOS","SEMANAL","INVERSION DE NEGOCIO","CAPITAL DE TRABAJO",""
"003-","FOMMUR00002       ","179","003-07589-02","003-010939-","OTRO FIN RELACIONADO","10000.00","20/03/2014","08/09/2014","0.0474","SALDOS INSOLUTOS","SEMANAL","INVERSION DE NEGOCIO","CAPITAL DE TRABAJO",""
"003-","FOMMUR00002       ","179","003-07701-02","003-010944-","OTRO FIN RELACIONADO","9500.00","22/03/2014","14/07/2014","0.0474","SALDOS INSOLUTOS","SEMANAL","INVERSION DE NEGOCIO","CAPITAL DE TRABAJO",""
"003-","FOMMUR00002       ","179","003-07703-02","003-010946-","OTRO FIN RELACIONADO","9000.00","22/03/2014","14/07/2014","0.0474","SALDOS INSOLUTOS","SEMANAL","INVERSION DE NEGOCIO","CAPITAL DE TRABAJO",""
"003-","FOMMUR00002       ","179","003-07704-02","003-010947-","OTRO FIN RELACIONADO","15000.00","22/03/2014","14/07/2014","0.0474","SALDOS INSOLUTOS","SEMANAL","INVERSION DE NEGOCIO","CAPITAL DE TRABAJO",""
"003-","FOMMUR00002       ","179","003-07705-02","003-010948-","FINES AJENOS AL NEGOCIO","12000.00","22/03/2014","14/07/2014","0.0474","SALDOS INSOLUTOS","SEMANAL","GASTOS PERSONALES","GASTOS PERSONALES",""
"003-","FOMMUR00002       ","179","003-07706-02","003-010950-","OTRO FIN RELACIONADO","12000.00","22/03/2014","14/07/2014","0.0474","SALDOS INSOLUTOS","SEMANAL","INVERSION DE NEGOCIO","CAPITAL DE TRABAJO",""
"003-","FOMMUR00002       ","179","003-07707-02","003-010949-","OTRO FIN RELACIONADO","13000.00","22/03/2014","14/07/2014","0.0474","SALDOS INSOLUTOS","SEMANAL","INVERSION DE NEGOCIO","CAPITAL DE TRABAJO",""
"003-","FOMMUR00002       ","179","003-07708-02","003-010951-","OTRO FIN RELACIONADO","6000.00","22/03/2014","14/07/2014","0.0474","SALDOS INSOLUTOS","SEMANAL","INVERSION DE NEGOCIO","CAPITAL DE TRABAJO",""
"003-","FOMMUR00002       ","179","003-07810-02","003-010952-","OTRO FIN RELACIONADO","11000.00","22/03/2014","14/07/2014","0.0474","SALDOS INSOLUTOS","SEMANAL","INVERSION DE NEGOCIO","CAPITAL DE TRABAJO",""
"003-","FOMMUR00002       ","179","003-07920-02","003-010953-","OTRO FIN RELACIONADO","10000.00","22/03/2014","14/07/2014","0.0474","SALDOS INSOLUTOS","SEMANAL","INVERSION DE NEGOCIO","CAPITAL DE TRABAJO",""
"003-","FOMMUR00002       ","179","003-08002-02","003-010945-","OTRO FIN RELACIONADO","10500.00","22/03/2014","14/07/2014","0.0474","SALDOS INSOLUTOS","SEMANAL","INVERSION DE NEGOCIO","CAPITAL DE TRABAJO",""
"003-","FOMMUR00002       ","179","003-08063-02","003-010934-","OTRO FIN RELACIONADO","5000.00","20/03/2014","08/09/2014","0.0474","SALDOS INSOLUTOS","SEMANAL","INVERSION DE NEGOCIO","CAPITAL DE TRABAJO",""
"003-","FOMMUR00002       ","179","003-08340-02","003-010954-","OTRO FIN RELACIONADO","5000.00","22/03/2014","14/07/2014","0.0474","SALDOS INSOLUTOS","SEMANAL","INVERSION DE NEGOCIO","CAPITAL DE TRABAJO",""
"003-","FOMMUR00002       ","179","003-08344-02","003-010961-","OTRO FIN RELACIONADO","5000.00","25/03/2014","15/07/2014","0.0474","SALDOS INSOLUTOS","SEMANAL","INVERSION DE NEGOCIO","CAPITAL DE TRABAJO",""
"003-","FOMMUR00002       ","179","003-08345-02","003-010969-","OTRO FIN RELACIONADO","5000.00","25/03/2014","15/07/2014","0.0474","SALDOS INSOLUTOS","SEMANAL","INVERSION DE NEGOCIO","CAPITAL DE TRABAJO",""
"003-","FOMMUR00002       ","179","003-08346-02","003-010971-","OTRO FIN RELACIONADO","4000.00","25/03/2014","15/07/2014","0.0474","SALDOS INSOLUTOS","SEMANAL","INVERSION DE NEGOCIO","CAPITAL DE TRABAJO",""
"003-","FOMMUR00002       ","179","003-08347-02","003-010963-","OTRO FIN RELACIONADO","5000.00","25/03/2014","15/07/2014","0.0474","SALDOS INSOLUTOS","SEMANAL","INVERSION DE NEGOCIO","CAPITAL DE TRABAJO",""
"003-","FOMMUR00002       ","179","003-08348-02","003-010967-","OTRO FIN RELACIONADO","3000.00","25/03/2014","15/07/2014","0.0474","SALDOS INSOLUTOS","SEMANAL","INVERSION DE NEGOCIO","CAPITAL DE TRABAJO",""
"003-","FOMMUR00002       ","179","003-08349-02","003-010965-","OTRO FIN RELACIONADO","4000.00","25/03/2014","15/07/2014","0.0474","SALDOS INSOLUTOS","SEMANAL","INVERSION DE NEGOCIO","CAPITAL DE TRABAJO",""
"005-","FOMMUR00002       ","179","005-03112-02","005-013563-","OTRO FIN RELACIONADO","16000.00","27/03/2014","12/09/2014","0.0474","SALDOS INSOLUTOS","CATORCENAL","INVERSION DE NEGOCIO","CAPITAL DE TRABAJO",""
"005-","FOMMUR00002       ","179","005-03115-02","005-013564-","OTRO FIN RELACIONADO","12000.00","27/03/2014","12/09/2014","0.0474","SALDOS INSOLUTOS","CATORCENAL","INVERSION DE NEGOCIO","CAPITAL DE TRABAJO",""
"005-","FOMMUR00002       ","179","005-03178-02","005-013513-","OTRO FIN RELACIONADO","5000.00","21/03/2014","15/07/2014","0.0474","SALDOS INSOLUTOS","SEMANAL","INVERSION DE NEGOCIO","CAPITAL DE TRABAJO",""
"005-","FOMMUR00002       ","179","005-03475-02","005-013605-","OTRO FIN RELACIONADO","3000.00","28/03/2014","15/09/2014","0.0474","SALDOS INSOLUTOS","SEMANAL","INVERSION DE NEGOCIO","CAPITAL DE TRABAJO",""
"005-","FOMMUR00002       ","179","005-03627-02","005-013577-","OTRO FIN RELACIONADO","14000.00","27/03/2014","21/07/2014","0.0474","SALDOS INSOLUTOS","SEMANAL","INVERSION DE NEGOCIO","CAPITAL DE TRABAJO",""
"005-","FOMMUR00002       ","179","005-03628-02","005-013575-","OTRO FIN RELACIONADO","17000.00","27/03/2014","21/07/2014","0.0474","SALDOS INSOLUTOS","SEMANAL","INVERSION DE NEGOCIO","CAPITAL DE TRABAJO",""
"005-","FOMMUR00002       ","179","005-03638-02","005-013574-","OTRO FIN RELACIONADO","7000.00","27/03/2014","21/07/2014","0.0474","SALDOS INSOLUTOS","SEMANAL","INVERSION DE NEGOCIO","CAPITAL DE TRABAJO",""
"005-","FOMMUR00002       ","179","005-03695-02","005-013570-","OTRO FIN RELACIONADO","8000.00","27/03/2014","12/09/2014","0.0474","SALDOS INSOLUTOS","CATORCENAL","INVERSION DE NEGOCIO","CAPITAL DE TRABAJO",""
"005-","FOMMUR00002       ","179","005-04334-02","005-013573-","OTRO FIN RELACIONADO","5000.00","27/03/2014","21/07/2014","0.0474","SALDOS INSOLUTOS","SEMANAL","INVERSION DE NEGOCIO","CAPITAL DE TRABAJO",""
"005-","FOMMUR00002       ","179","005-04398-02","005-013567-","OTRO FIN RELACIONADO","10000.00","27/03/2014","12/09/2014","0.0474","SALDOS INSOLUTOS","CATORCENAL","INVERSION DE NEGOCIO","CAPITAL DE TRABAJO",""
"005-","FOMMUR00002       ","179","005-04399-02","005-013565-","OTRO FIN RELACIONADO","9000.00","27/03/2014","12/09/2014","0.0474","SALDOS INSOLUTOS","CATORCENAL","INVERSION DE NEGOCIO","CAPITAL DE TRABAJO",""
"005-","FOMMUR00002       ","179","005-04400-02","005-013566-","OTRO FIN RELACIONADO","10000.00","27/03/2014","12/09/2014","0.0474","SALDOS INSOLUTOS","CATORCENAL","INVERSION DE NEGOCIO","CAPITAL DE TRABAJO",""
"005-","FOMMUR00002       ","179","005-04473-02","005-013580-","OTRO FIN RELACIONADO","9000.00","27/03/2014","21/07/2014","0.0474","SALDOS INSOLUTOS","SEMANAL","INVERSION DE NEGOCIO","CAPITAL DE TRABAJO",""
"005-","FOMMUR00002       ","179","005-04668-02","005-013583-","OTRO FIN RELACIONADO","3000.00","28/03/2014","21/07/2014","0.0474","SALDOS INSOLUTOS","SEMANAL","INVERSION DE NEGOCIO","CAPITAL DE TRABAJO",""
"005-","FOMMUR00002       ","179","005-04699-02","005-013535-","OTRO FIN RELACIONADO","15000.00","26/03/2014","15/09/2014","0.0474","SALDOS INSOLUTOS","SEMANAL","INVERSION DE NEGOCIO","CAPITAL DE TRABAJO",""
"005-","FOMMUR00002       ","179","005-04700-02","005-013538-","OTRO FIN RELACIONADO","13000.00","26/03/2014","15/09/2014","0.0474","SALDOS INSOLUTOS","SEMANAL","INVERSION DE NEGOCIO","CAPITAL DE TRABAJO",""
"005-","FOMMUR00002       ","179","005-04704-02","005-013534-","OTRO FIN RELACIONADO","14500.00","26/03/2014","15/09/2014","0.0474","SALDOS INSOLUTOS","SEMANAL","INVERSION DE NEGOCIO","CAPITAL DE TRABAJO",""
"005-","FOMMUR00002       ","179","005-04737-02","005-013591-","OTRO FIN RELACIONADO","5000.00","28/03/2014","21/07/2014","0.0474","SALDOS INSOLUTOS","SEMANAL","INVERSION DE NEGOCIO","CAPITAL DE TRABAJO",""
"005-","FOMMUR00002       ","179","005-04738-02","005-013523-","OTRO FIN RELACIONADO","4000.00","21/03/2014","08/09/2014","0.0474","SALDOS INSOLUTOS","SEMANAL","INVERSION DE NEGOCIO","CAPITAL DE TRABAJO",""
"005-","FOMMUR00002       ","179","005-04747-02","005-013516-","OTRO FIN RELACIONADO","4000.00","21/03/2014","08/09/2014","0.0474","SALDOS INSOLUTOS","SEMANAL","INVERSION DE NEGOCIO","CAPITAL DE TRABAJO",""
"005-","FOMMUR00002       ","179","005-04748-02","005-013518-","OTRO FIN RELACIONADO","9000.00","21/03/2014","08/09/2014","0.0474","SALDOS INSOLUTOS","SEMANAL","INVERSION DE NEGOCIO","CAPITAL DE TRABAJO",""
"005-","FOMMUR00002       ","179","005-04750-02","005-013592-","OTRO FIN RELACIONADO","5000.00","28/03/2014","21/07/2014","0.0474","SALDOS INSOLUTOS","SEMANAL","INVERSION DE NEGOCIO","CAPITAL DE TRABAJO",""
"005-","FOMMUR00002       ","179","005-04944-02","005-013584-","OTRO FIN RELACIONADO","7000.00","28/03/2014","21/07/2014","0.0474","SALDOS INSOLUTOS","SEMANAL","INVERSION DE NEGOCIO","CAPITAL DE TRABAJO",""
"005-","FOMMUR00002       ","179","005-05044-02","005-013512-","OTRO FIN RELACIONADO","5000.00","21/03/2014","15/07/2014","0.0474","SALDOS INSOLUTOS","SEMANAL","INVERSION DE NEGOCIO","CAPITAL DE TRABAJO",""
"005-","FOMMUR00002       ","179","005-05129-02","005-013536-","OTRO FIN RELACIONADO","10000.00","26/03/2014","15/09/2014","0.0474","SALDOS INSOLUTOS","SEMANAL","INVERSION DE NEGOCIO","CAPITAL DE TRABAJO",""
"005-","FOMMUR00002       ","179","005-05282-02","005-013585-","OTRO FIN RELACIONADO","2000.00","28/03/2014","21/07/2014","0.0474","SALDOS INSOLUTOS","SEMANAL","INVERSION DE NEGOCIO","CAPITAL DE TRABAJO",""
"005-","FOMMUR00002       ","179","005-05305-02","005-013537-","OTRO FIN RELACIONADO","15000.00","26/03/2014","15/09/2014","0.0474","SALDOS INSOLUTOS","SEMANAL","INVERSION DE NEGOCIO","CAPITAL DE TRABAJO",""
"005-","FOMMUR00002       ","179","005-05395-02","005-013594-","OTRO FIN RELACIONADO","5000.00","28/03/2014","21/07/2014","0.0474","SALDOS INSOLUTOS","SEMANAL","INVERSION DE NEGOCIO","CAPITAL DE TRABAJO",""
"005-","FOMMUR00002       ","179","005-05508-02","005-013600-","OTRO FIN RELACIONADO","8000.00","28/03/2014","15/09/2014","0.0474","SALDOS INSOLUTOS","SEMANAL","INVERSION DE NEGOCIO","CAPITAL DE TRABAJO",""
"005-","FOMMUR00002       ","179","005-05509-02","005-013608-","OTRO FIN RELACIONADO","9000.00","28/03/2014","15/09/2014","0.0474","SALDOS INSOLUTOS","SEMANAL","INVERSION DE NEGOCIO","CAPITAL DE TRABAJO",""
"005-","FOMMUR00002       ","179","005-05511-02","005-013602-","OTRO FIN RELACIONADO","7500.00","28/03/2014","15/09/2014","0.0474","SALDOS INSOLUTOS","SEMANAL","INVERSION DE NEGOCIO","CAPITAL DE TRABAJO",""
"005-","FOMMUR00002       ","179","005-05512-02","005-013603-","OTRO FIN RELACIONADO","9000.00","28/03/2014","15/09/2014","0.0474","SALDOS INSOLUTOS","SEMANAL","INVERSION DE NEGOCIO","CAPITAL DE TRABAJO",""
"005-","FOMMUR00002       ","179","005-05514-02","005-013604-","OTRO FIN RELACIONADO","10000.00","28/03/2014","15/09/2014","0.0474","SALDOS INSOLUTOS","SEMANAL","INVERSION DE NEGOCIO","CAPITAL DE TRABAJO",""
"005-","FOMMUR00002       ","179","005-05585-02","005-013568-","OTRO FIN RELACIONADO","9000.00","27/03/2014","12/09/2014","0.0474","SALDOS INSOLUTOS","CATORCENAL","INVERSION DE NEGOCIO","CAPITAL DE TRABAJO",""
"005-","FOMMUR00002       ","179","005-05587-02","005-013569-","OTRO FIN RELACIONADO","11000.00","27/03/2014","12/09/2014","0.0474","SALDOS INSOLUTOS","CATORCENAL","INVERSION DE NEGOCIO","CAPITAL DE TRABAJO",""
"005-","FOMMUR00002       ","179","005-05613-02","005-013517-","OTRO FIN RELACIONADO","11000.00","21/03/2014","08/09/2014","0.0474","SALDOS INSOLUTOS","SEMANAL","INVERSION DE NEGOCIO","CAPITAL DE TRABAJO",""
"005-","FOMMUR00002       ","179","005-05629-02","005-013586-","OTRO FIN RELACIONADO","3000.00","28/03/2014","21/07/2014","0.0474","SALDOS INSOLUTOS","SEMANAL","INVERSION DE NEGOCIO","CAPITAL DE TRABAJO",""
"005-","FOMMUR00002       ","179","005-05644-02","005-013510-","OTRO FIN RELACIONADO","5000.00","21/03/2014","15/07/2014","0.0474","SALDOS INSOLUTOS","SEMANAL","INVERSION DE NEGOCIO","CAPITAL DE TRABAJO",""
"005-","FOMMUR00002       ","179","005-05646-02","005-013509-","OTRO FIN RELACIONADO","5000.00","21/03/2014","15/07/2014","0.0474","SALDOS INSOLUTOS","SEMANAL","INVERSION DE NEGOCIO","CAPITAL DE TRABAJO",""
"005-","FOMMUR00002       ","179","005-05648-02","005-013511-","","5000.00","21/03/2014","15/07/2014","0.0474","SALDOS INSOLUTOS","SEMANAL","INVERSION DE NEGOCIO","GASTOS PERSONALES",""
"005-","FOMMUR00002       ","179","005-05669-02","005-013572-","OTRO FIN RELACIONADO","3000.00","27/03/2014","21/07/2014","0.0474","SALDOS INSOLUTOS","SEMANAL","INVERSION DE NEGOCIO","CAPITAL DE TRABAJO",""
"005-","FOMMUR00002       ","179","005-05704-02","005-013576-","OTRO FIN RELACIONADO","2000.00","27/03/2014","21/07/2014","0.0474","SALDOS INSOLUTOS","SEMANAL","INVERSION DE NEGOCIO","CAPITAL DE TRABAJO",""
"005-","FOMMUR00002       ","179","005-05706-02","005-013521-","OTRO FIN RELACIONADO","9500.00","21/03/2014","08/09/2014","0.0474","SALDOS INSOLUTOS","SEMANAL","INVERSION DE NEGOCIO","CAPITAL DE TRABAJO",""
"005-","FOMMUR00002       ","179","005-05707-02","005-013519-","OTRO FIN RELACIONADO","10000.00","21/03/2014","08/09/2014","0.0474","SALDOS INSOLUTOS","SEMANAL","INVERSION DE NEGOCIO","CAPITAL DE TRABAJO",""
"005-","FOMMUR00002       ","179","005-05708-02","005-013520-","OTRO FIN RELACIONADO","9000.00","21/03/2014","08/09/2014","0.0474","SALDOS INSOLUTOS","SEMANAL","INVERSION DE NEGOCIO","CAPITAL DE TRABAJO",""
"005-","FOMMUR00002       ","179","005-05735-02","005-013514-","OTRO FIN RELACIONADO","5000.00","21/03/2014","15/07/2014","0.0474","SALDOS INSOLUTOS","SEMANAL","INVERSION DE NEGOCIO","CAPITAL DE TRABAJO",""
"005-","FOMMUR00002       ","179","005-05760-02","005-013599-","OTRO FIN RELACIONADO","4500.00","28/03/2014","15/09/2014","0.0474","SALDOS INSOLUTOS","SEMANAL","INVERSION DE NEGOCIO","CAPITAL DE TRABAJO",""
"005-","FOMMUR00002       ","179","005-05761-02","005-013579-","OTRO FIN RELACIONADO","7500.00","27/03/2014","21/07/2014","0.0474","SALDOS INSOLUTOS","SEMANAL","INVERSION DE NEGOCIO","CAPITAL DE TRABAJO",""
"005-","FOMMUR00002       ","179","005-05792-02","005-013539-","OTRO FIN RELACIONADO","8000.00","26/03/2014","15/09/2014","0.0474","SALDOS INSOLUTOS","SEMANAL","INVERSION DE NEGOCIO","CAPITAL DE TRABAJO",""
"005-","FOMMUR00002       ","179","005-05916-02","005-013551-","OTRO FIN RELACIONADO","3500.00","26/03/2014","15/09/2014","0.0474","SALDOS INSOLUTOS","SEMANAL","INVERSION DE NEGOCIO","CAPITAL DE TRABAJO",""
"005-","FOMMUR00002       ","179","005-05917-02","005-013548-","OTRO FIN RELACIONADO","4000.00","26/03/2014","15/09/2014","0.0474","SALDOS INSOLUTOS","SEMANAL","INVERSION DE NEGOCIO","CAPITAL DE TRABAJO",""
"005-","FOMMUR00002       ","179","005-05918-02","005-013547-","OTRO FIN RELACIONADO","5000.00","26/03/2014","15/09/2014","0.0474","SALDOS INSOLUTOS","SEMANAL","INVERSION DE NEGOCIO","CAPITAL DE TRABAJO",""
"005-","FOMMUR00002       ","179","005-05919-02","005-013546-","OTRO FIN RELACIONADO","5000.00","26/03/2014","15/09/2014","0.0474","SALDOS INSOLUTOS","SEMANAL","INVERSION DE NEGOCIO","CAPITAL DE TRABAJO",""
"005-","FOMMUR00002       ","179","005-05920-02","005-013545-","OTRO FIN RELACIONADO","5000.00","26/03/2014","15/09/2014","0.0474","SALDOS INSOLUTOS","SEMANAL","INVERSION DE NEGOCIO","CAPITAL DE TRABAJO",""
"005-","FOMMUR00002       ","179","005-05922-02","005-013543-","OTRO FIN RELACIONADO","5000.00","26/03/2014","15/09/2014","0.0474","SALDOS INSOLUTOS","SEMANAL","INVERSION DE NEGOCIO","CAPITAL DE TRABAJO",""
"005-","FOMMUR00002       ","179","005-05923-02","005-013544-","OTRO FIN RELACIONADO","5000.00","26/03/2014","15/09/2014","0.0474","SALDOS INSOLUTOS","SEMANAL","INVERSION DE NEGOCIO","CAPITAL DE TRABAJO",""
"005-","FOMMUR00002       ","179","005-05924-02","005-013549-","OTRO FIN RELACIONADO","5000.00","26/03/2014","15/09/2014","0.0474","SALDOS INSOLUTOS","SEMANAL","INVERSION DE NEGOCIO","CAPITAL DE TRABAJO",""
"005-","FOMMUR00002       ","179","005-05925-02","005-013578-","OTRO FIN RELACIONADO","5000.00","27/03/2014","21/07/2014","0.0474","SALDOS INSOLUTOS","SEMANAL","INVERSION DE NEGOCIO","CAPITAL DE TRABAJO",""
"005-","FOMMUR00002       ","179","005-05926-02","005-013589-","OTRO FIN RELACIONADO","5000.00","28/03/2014","21/07/2014","0.0474","SALDOS INSOLUTOS","SEMANAL","INVERSION DE NEGOCIO","CAPITAL DE TRABAJO",""
"005-","FOMMUR00002       ","179","005-05928-02","005-013596-","OTRO FIN RELACIONADO","5000.00","28/03/2014","21/07/2014","0.0474","SALDOS INSOLUTOS","SEMANAL","INVERSION DE NEGOCIO","CAPITAL DE TRABAJO",""
"005-","FOMMUR00002       ","179","005-05929-02","005-013598-","OTRO FIN RELACIONADO","5000.00","28/03/2014","21/07/2014","0.0474","SALDOS INSOLUTOS","SEMANAL","INVERSION DE NEGOCIO","CAPITAL DE TRABAJO",""
"010-","FOMMUR00002       ","179","010-00153-02","010-001555-","OTRO FIN RELACIONADO","13000.00","25/03/2014","15/07/2014","0.0474","SALDOS INSOLUTOS","SEMANAL","INVERSION DE NEGOCIO","CAPITAL DE TRABAJO",""
"010-","FOMMUR00002       ","179","010-00155-02","010-001548-","OTRO FIN RELACIONADO","4000.00","25/03/2014","15/07/2014","0.0474","SALDOS INSOLUTOS","SEMANAL","INVERSION DE NEGOCIO","CAPITAL DE TRABAJO",""
"010-","FOMMUR00002       ","179","010-00248-02","010-001551-","OTRO FIN RELACIONADO","2000.00","25/03/2014","15/07/2014","0.0474","SALDOS INSOLUTOS","SEMANAL","INVERSION DE NEGOCIO","CAPITAL DE TRABAJO",""
"010-","FOMMUR00002       ","179","010-00292-02","010-001549-","OTRO FIN RELACIONADO","4000.00","25/03/2014","15/07/2014","0.0474","SALDOS INSOLUTOS","SEMANAL","INVERSION DE NEGOCIO","CAPITAL DE TRABAJO",""
"010-","FOMMUR00002       ","179","010-00293-02","010-001547-","OTRO FIN RELACIONADO","17000.00","25/03/2014","15/07/2014","0.0474","SALDOS INSOLUTOS","SEMANAL","INVERSION DE NEGOCIO","CAPITAL DE TRABAJO",""
"010-","FOMMUR00002       ","179","010-00295-02","010-001546-","OTRO FIN RELACIONADO","7500.00","25/03/2014","15/07/2014","0.0474","SALDOS INSOLUTOS","SEMANAL","INVERSION DE NEGOCIO","CAPITAL DE TRABAJO",""
"010-","FOMMUR00002       ","179","010-00363-02","010-001550-","OTRO FIN RELACIONADO","3000.00","25/03/2014","15/07/2014","0.0474","SALDOS INSOLUTOS","SEMANAL","INVERSION DE NEGOCIO","CAPITAL DE TRABAJO",""
"010-","FOMMUR00002       ","179","010-00408-02","010-001552-","OTRO FIN RELACIONADO","7500.00","25/03/2014","15/07/2014","0.0474","SALDOS INSOLUTOS","SEMANAL","INVERSION DE NEGOCIO","CAPITAL DE TRABAJO",""
"010-","FOMMUR00002       ","179","010-00449-02","010-001553-","OTRO FIN RELACIONADO","5000.00","25/03/2014","15/07/2014","0.0474","SALDOS INSOLUTOS","SEMANAL","INVERSION DE NEGOCIO","CAPITAL DE TRABAJO",""
"011-","FOMMUR00002       ","179","011-00415-02","011-002195-","OTRO FIN RELACIONADO","7500.00","21/03/2014","14/07/2014","0.0474","SALDOS INSOLUTOS","SEMANAL","INVERSION DE NEGOCIO","CAPITAL DE TRABAJO",""
"011-","FOMMUR00002       ","179","011-00773-02","011-002196-","OTRO FIN RELACIONADO","5000.00","21/03/2014","14/07/2014","0.0474","SALDOS INSOLUTOS","SEMANAL","INVERSION DE NEGOCIO","CAPITAL DE TRABAJO",""
"011-","FOMMUR00002       ","179","011-00774-02","011-002197-","OTRO FIN RELACIONADO","5000.00","21/03/2014","14/07/2014","0.0474","SALDOS INSOLUTOS","SEMANAL","INVERSION DE NEGOCIO","CAPITAL DE TRABAJO",""
"011-","FOMMUR00002       ","179","011-00775-02","011-002198-","OTRO FIN RELACIONADO","4000.00","21/03/2014","14/07/2014","0.0474","SALDOS INSOLUTOS","SEMANAL","INVERSION DE NEGOCIO","CAPITAL DE TRABAJO",""
"011-","FOMMUR00002       ","179","011-00776-02","011-002199-","OTRO FIN RELACIONADO","5000.00","21/03/2014","14/07/2014","0.0474","SALDOS INSOLUTOS","SEMANAL","INVERSION DE NEGOCIO","CAPITAL DE TRABAJO",""
"011-","FOMMUR00002       ","179","011-00777-02","011-002200-","OTRO FIN RELACIONADO","5000.00","21/03/2014","14/07/2014","0.0474","SALDOS INSOLUTOS","SEMANAL","INVERSION DE NEGOCIO","CAPITAL DE TRABAJO",""
"011-","FOMMUR00002       ","179","011-00778-02","011-002201-","OTRO FIN RELACIONADO","5000.00","21/03/2014","14/07/2014","0.0474","SALDOS INSOLUTOS","SEMANAL","INVERSION DE NEGOCIO","CAPITAL DE TRABAJO",""
"011-","FOMMUR00002       ","179","011-00782-02","011-002221-","OTRO FIN RELACIONADO","5000.00","28/03/2014","21/07/2014","0.0474","SALDOS INSOLUTOS","SEMANAL","INVERSION DE NEGOCIO","CAPITAL DE TRABAJO",""
"011-","FOMMUR00002       ","179","011-00783-02","011-002222-","OTRO FIN RELACIONADO","5000.00","28/03/2014","21/07/2014","0.0474","SALDOS INSOLUTOS","SEMANAL","INVERSION DE NEGOCIO","CAPITAL DE TRABAJO",""
"011-","FOMMUR00002       ","179","011-00784-02","011-002223-","OTRO FIN RELACIONADO","5000.00","28/03/2014","21/07/2014","0.0474","SALDOS INSOLUTOS","SEMANAL","INVERSION DE NEGOCIO","CAPITAL DE TRABAJO",""
"011-","FOMMUR00002       ","179","011-00785-02","011-002224-","OTRO FIN RELACIONADO","4000.00","28/03/2014","21/07/2014","0.0474","SALDOS INSOLUTOS","SEMANAL","INVERSION DE NEGOCIO","CAPITAL DE TRABAJO",""
"011-","FOMMUR00002       ","179","011-00786-02","011-002225-","OTRO FIN RELACIONADO","3000.00","28/03/2014","21/07/2014","0.0474","SALDOS INSOLUTOS","SEMANAL","INVERSION DE NEGOCIO","CAPITAL DE TRABAJO",""
"011-","FOMMUR00002       ","179","011-00787-02","011-002226-","OTRO FIN RELACIONADO","5000.00","28/03/2014","21/07/2014","0.0474","SALDOS INSOLUTOS","SEMANAL","INVERSION DE NEGOCIO","CAPITAL DE TRABAJO",""
